Время записи, с;Номер кадра камеры на экране;Оценка модели;Время обработки, мс;Обнаружение активно
0;125798;0,3655;70;Да
1;125820;0,9673;64,6;Да
2;125845;0,4615;94,2;Да
3;125894;0,8884;70,4;Да
4;125921;0,9458;75,9;Да
5;125944;0,7206;68,2;Да
6;125970;0,5739;66,3;Да
7;125992;0,8884;99,6;Да
8;126044;0,8722;74,9;Да
9;126070;0,4492;62,8;Да
10;126094;0,6387;80,1;Да
11;126119;0,7020;66,2;Да
12;126143;0,3725;82,2;Да
13;126192;0,8607;72,9;Да
14;126216;0,8610;73,6;Да
15;126240;0,7993;75;Да
16;126266;0,8341;73,6;Да
17;126291;0,9462;72,5;Да
18;126317;0,9267;68,7;Да
19;126366;0,9500;79,3;Да
20;126390;0,9882;77,3;Да
21;126416;0,9837;80;Да
22;126439;0,9762;84,1;Да
23;126466;0,9860;65,8;Да
24;126515;0,9838;74,3;Да
25;126540;0,9745;68,8;Да
